Sun Nov 20 17:16:40 2011,24.80,Calculate mandelbrot set,will-linux
Sun Nov 20 17:19:18 2011,24.77,"Calculate mandelbrot set","will-linux"
Sat Dec  3 14:33:47 2011,25.49,"Calculate mandelbrot set","will-linux"
Sat Dec  3 16:49:50 2011,24.76,"Calculate mandelbrot set","will-linux"
Mon Dec  5 18:44:49 2011,24.72,"Calculate mandelbrot set","will-linux"
Mon Dec  5 18:45:48 2011,24.60,"Calculate mandelbrot set","will-linux"
Mon Dec 19 22:33:38 2011,24.72,"Calculate mandelbrot set","will-linux"
Wed Jan  4 17:49:15 2012,20.22,"Calculate mandelbrot set","will-mint"
Fri Jan  6 01:05:14 2012,20.32,"Calculate mandelbrot set","will-mint"
Fri Jan  6 01:08:52 2012,19.43,"Calculate mandelbrot set","will-mint"
Fri Jan  6 01:13:03 2012,19.52,"Calculate mandelbrot set","will-mint"
Fri Jan  6 01:15:13 2012,19.45,"Calculate mandelbrot set","will-mint"
Fri Jan  6 11:36:39 2012,15.34,"Calculate mandelbrot set","will-mint"
Fri Jan  6 11:39:10 2012,14.97,"Calculate mandelbrot set","will-mint"
Fri Jan  6 11:39:36 2012,15.23,"Calculate mandelbrot set","will-mint"
Fri Jan  6 12:08:08 2012,14.72,"Calculate mandelbrot set","will-mint"
Fri Jan  6 12:13:18 2012,14.61,"Calculate mandelbrot set","will-mint"
Fri Jan  6 12:18:43 2012,14.68,"Calculate mandelbrot set","will-mint"
Fri Jan  6 12:20:12 2012,14.67,"Calculate mandelbrot set","will-mint"
Fri Jan  6 12:53:06 2012,14.56,"Calculate mandelbrot set","will-mint"
Fri Jan  6 13:06:25 2012,14.63,"Calculate mandelbrot set","will-mint"
Fri Jan  6 14:28:53 2012,14.54,"Calculate mandelbrot set","will-mint"
Fri Jan  6 14:29:21 2012,14.67,"Calculate mandelbrot set","will-mint"
Fri Jan  6 14:59:48 2012,15.17,"Calculate mandelbrot set","will-mint"
Fri Jan  6 15:00:37 2012,14.91,"Calculate mandelbrot set","will-mint"
Fri Jan  6 15:01:39 2012,12.04,"Calculate mandelbrot set","will-mint"
Fri Jan  6 15:03:45 2012,12.10,"Calculate mandelbrot set","will-mint"
Fri Jan  6 15:07:07 2012,12.29,"Calculate mandelbrot set","will-mint"
Fri Jan  6 15:07:28 2012,12.07,"Calculate mandelbrot set","will-mint"
Fri Jan  6 16:14:12 2012,18.62,"Calculate mandelbrot set","will-mint"
Fri Jan  6 16:29:09 2012,18.64,"Calculate mandelbrot set","will-mint"
Fri Jan  6 16:53:50 2012,18.99,"Calculate mandelbrot set","will-mint"
Fri Jan  6 17:02:14 2012,19.27,"Calculate mandelbrot set","will-mint"
Fri Jan  6 17:15:07 2012,18.70,"Calculate mandelbrot set","will-mint"
Fri Jan  6 17:15:31 2012,18.47,"Calculate mandelbrot set","will-mint"
Fri Jan  6 17:17:23 2012,17.36,"Calculate mandelbrot set","will-mint"
Fri Jan  6 17:18:17 2012,17.59,"Calculate mandelbrot set","will-mint"
Fri Jan  6 17:27:07 2012,12.06,"Calculate mandelbrot set","will-mint"
Fri Jan  6 17:46:30 2012,12.09,"Calculate mandelbrot set","will-mint"
Fri Jan  6 18:52:44 2012,19.06,"Calculate mandelbrot set","will-mint"
Fri Jan  6 18:53:17 2012,11.67,"Calculate mandelbrot set","will-mint"
Fri Jan  6 20:01:06 2012,20.10,"Calculate mandelbrot set","will-mint"
Fri Jan  6 21:33:08 2012,21.13,"Calculate mandelbrot set","will-mint"
Sat Jan  7 12:54:21 2012,10.40,"Calculate mandelbrot set","will-mint"
Sat Jan  7 14:30:36 2012,10.56,"Calculate mandelbrot set","will-mint"
Sat Jan  7 14:49:46 2012,10.54,"Calculate mandelbrot set","will-mint"
Sat Jan  7 15:59:33 2012,10.55,"Calculate mandelbrot set","will-mint"
Sat Jan  7 15:59:59 2012,10.67,"Calculate mandelbrot set","will-mint"
Sat Jan  7 16:02:00 2012,10.62,"Calculate mandelbrot set","will-mint"
Sat Jan  7 16:06:05 2012,10.30,"Calculate mandelbrot set","will-mint"
Sat Jan  7 16:20:58 2012,10.02,"Calculate mandelbrot set","will-mint"
Sat Jan  7 16:23:22 2012,10.17,"Calculate mandelbrot set","will-mint"
Sat Jan  7 16:25:19 2012,10.25,"Calculate mandelbrot set","will-mint"
Sat Jan  7 16:29:20 2012,10.30,"Calculate mandelbrot set","will-mint"
Sat Jan  7 16:43:41 2012,10.71,"Calculate mandelbrot set","will-mint"
Sun Jan  8 15:53:07 2012,10.54,"Calculate mandelbrot set","will-mint"
Sun Jan  8 18:36:28 2012,10.99,"Calculate mandelbrot set","will-mint"
Sun Jan  8 22:50:45 2012,10.68,"Calculate mandelbrot set","will-mint"
Sun Jan  8 22:52:42 2012,10.63,"Calculate mandelbrot set","will-mint"
Sun Jan  8 22:55:16 2012,10.28,"Calculate mandelbrot set","will-mint"
Sun Jan  8 22:59:10 2012,7.89,"Calculate mandelbrot set","will-mint"
Sun Jan  8 23:00:42 2012,7.33,"Calculate mandelbrot set","will-mint"
Sun Jan  8 23:02:58 2012,7.93,"Calculate mandelbrot set","will-mint"
Sun Jan  8 23:12:59 2012,10.22,"Calculate mandelbrot set","will-mint"
Sun Jan  8 23:19:55 2012,10.42,"Calculate mandelbrot set","will-mint"
Sun Jan  8 23:21:32 2012,10.27,"Calculate mandelbrot set","will-mint"
Mon Jan  9 00:47:18 2012,10.12,"Calculate mandelbrot set","will-mint"
Mon Jan  9 00:49:24 2012,10.12,"Calculate mandelbrot set","will-mint"
Mon Jan  9 00:50:26 2012,10.21,"Calculate mandelbrot set","will-mint"
Mon Jan  9 00:50:38 2012,10.21,"Calculate mandelbrot set","will-mint"
Mon Jan  9 00:52:02 2012,10.07,"Calculate mandelbrot set","will-mint"
Mon Jan  9 00:54:59 2012,10.16,"Calculate mandelbrot set","will-mint"
Mon Jan  9 00:55:17 2012,10.15,"Calculate mandelbrot set","will-mint"
Mon Jan  9 00:57:46 2012,10.13,"Calculate mandelbrot set","will-mint"
Mon Jan  9 01:08:35 2012,10.20,"Calculate mandelbrot set","will-mint"
Mon Jan  9 01:09:13 2012,10.45,"Calculate mandelbrot set","will-mint"
Mon Jan  9 01:09:25 2012,10.32,"Calculate mandelbrot set","will-mint"
Mon Jan  9 10:27:54 2012,10.29,"Calculate mandelbrot set","will-mint"
Mon Jan  9 11:51:14 2012,10.35,"Calculate mandelbrot set","will-mint"
Mon Jan  9 11:51:29 2012,10.35,"Calculate mandelbrot set","will-mint"
Mon Jan  9 23:04:45 2012,10.29,"Calculate mandelbrot set","will-mint"
Tue Jan 10 22:01:22 2012,10.24,"Calculate mandelbrot set","will-mint"
Tue Jan 10 22:11:36 2012,3.33,"Calculate mandelbrot set","will-mint"
Tue Jan 10 22:11:42 2012,3.11,"Calculate mandelbrot set","will-mint"
Tue Jan 10 22:11:48 2012,3.12,"Calculate mandelbrot set","will-mint"
Tue Jan 10 22:18:46 2012,10.17,"Calculate mandelbrot set","will-mint"
Tue Jan 10 22:19:06 2012,3.22,"Calculate mandelbrot set","will-mint"
Wed Jan 11 23:38:59 2012,4.30,"Calculate mandelbrot set","will-mint"
Wed Jan 11 23:39:08 2012,10.40,"Calculate mandelbrot set","will-mint"
Thu Jan 12 17:20:50 2012,10.12,"Calculate mandelbrot set","will-mint"
Thu Jan 12 17:21:10 2012,10.16,"Calculate mandelbrot set","will-mint"
Fri Jan 13 15:03:22 2012,10.01,"Calculate mandelbrot set","will-mint"
Fri Jan 13 15:03:46 2012,10.21,"Calculate mandelbrot set","will-mint"
Fri Jan 13 15:06:57 2012,3.30,"Calculate mandelbrot set","will-mint"
Fri Jan 13 15:26:58 2012,3.11,"Calculate mandelbrot set","will-mint"
Fri Jan 13 15:27:05 2012,10.04,"Calculate mandelbrot set","will-mint"
Sat Jan 14 00:05:54 2012,10.17,"Calculate mandelbrot set","will-mint"
Sat Jan 14 00:06:07 2012,10.23,"Calculate mandelbrot set","will-mint"
Sat Jan 14 00:07:46 2012,10.18,"Calculate mandelbrot set","will-mint"
Sat Jan 14 21:55:47 2012,10.71,"Calculate mandelbrot set","will-mint"
Sat Jan 14 21:56:04 2012,10.47,"Calculate mandelbrot set","will-mint"
Sat Jan 14 21:56:39 2012,47.97,"Calculate mandelbrot set","will-mint"
Sat Jan 14 22:21:47 2012,16.36,"Calculate mandelbrot set","will-mint"
Sat Jan 14 22:22:27 2012,65.86,"Calculate mandelbrot set","will-mint"
Sat Jan 14 22:23:38 2012,14.89,"Calculate mandelbrot set","will-mint"
Sat Jan 14 22:24:58 2012,11.30,"Calculate mandelbrot set","will-mint"
Sat Jan 14 22:25:12 2012,21.30,"Calculate mandelbrot set","will-mint"
Sat Jan 14 22:54:59 2012,9.99,"Calculate mandelbrot set","will-mint"
Sat Jan 14 22:55:25 2012,10.25,"Calculate mandelbrot set","will-mint"
Sat Jan 14 22:56:34 2012,10.06,"Calculate mandelbrot set","will-mint"
Sat Jan 14 22:56:50 2012,9.85,"Calculate mandelbrot set","will-mint"
Sun Jan 15 18:11:42 2012,14.92,"Calculate mandelbrot set","will-mint"
Sun Jan 15 18:14:48 2012,10.06,"Calculate mandelbrot set","will-mint"
Fri Jan 20 23:54:55 2012,10.02,"Calculate mandelbrot set","will-mint"
Fri Jan 20 23:55:08 2012,10.03,"Calculate mandelbrot set","will-mint"
Sat Jan 21 00:00:21 2012,10.20,"Calculate mandelbrot set","will-mint"
Sat Jan 21 00:00:34 2012,10.08,"Calculate mandelbrot set","will-mint"
Sun Jan 22 22:52:06 2012,10.06,"Calculate mandelbrot set","will-mint"
Sun Jan 22 22:55:53 2012,9.61,"Calculate mandelbrot set","will-mint"
Sun Jan 22 22:56:10 2012,9.43,"Calculate mandelbrot set","will-mint"
Mon Feb 20 14:10:14 2012,10.37,"Calculate mandelbrot set","will-mint"
Mon Feb 20 14:15:09 2012,10.16,"Calculate mandelbrot set","will-mint"
Mon Feb 20 14:18:34 2012,10.27,"Calculate mandelbrot set","will-mint"
Mon Feb 20 14:19:26 2012,10.09,"Calculate mandelbrot set","will-mint"
Sat Feb 25 23:40:05 2012,10.03,"Calculate mandelbrot set","will-mint"
Sun Mar  4 17:08:43 2012,9.93,"Calculate mandelbrot set","will-mint"
Sun Mar  4 17:08:57 2012,10.10,"Calculate mandelbrot set","will-mint"
Sun Mar  4 17:09:13 2012,10.23,"Calculate mandelbrot set","will-mint"
Sun Mar  4 17:13:02 2012,10.05,"Calculate mandelbrot set","will-mint"
Sat Jul 14 14:35:21 2012,7.51,"Calculate mandelbrot set","will-tosh"
Sat Jul 14 23:57:48 2012,7.38,"Calculate mandelbrot set","will-tosh"
Sun Jul 15 00:19:34 2012,7.55,"Calculate mandelbrot set","will-tosh"
Sun Jul 15 00:19:47 2012,7.62,"Calculate mandelbrot set","will-tosh"
Sun Jul 15 00:19:59 2012,7.73,"Calculate mandelbrot set","will-tosh"
Sun Jul 15 00:24:39 2012,7.74,"Calculate mandelbrot set","will-tosh"
Sun Jul 15 00:40:50 2012,7.59,"Calculate mandelbrot set","will-tosh"
Sun Jul 15 16:12:19 2012,10.21,"Calculate mandelbrot set","will-mint"
Wed Jul 18 16:47:44 2012,7.88,"Calculate mandelbrot set","will-tosh"
Fri Jul 20 21:52:01 2012,8.84,"Calculate mandelbrot set","will-tosh"
Fri Jul 20 22:04:02 2012,8.69,"Calculate mandelbrot set","will-tosh"
Fri Jul 20 22:05:50 2012,8.80,"Calculate mandelbrot set","will-tosh"
Fri Jul 20 22:10:47 2012,8.78,"Calculate mandelbrot set","will-tosh"
Fri Jul 20 22:15:52 2012,8.45,"Calculate mandelbrot set","will-tosh"
Fri Jul 20 22:16:30 2012,8.37,"Calculate mandelbrot set","will-tosh"
Fri Jul 20 22:19:25 2012,8.30,"Calculate mandelbrot set","will-tosh"
Fri Jul 20 22:21:43 2012,8.25,"Calculate mandelbrot set","will-tosh"
Fri Jul 20 22:22:36 2012,8.36,"Calculate mandelbrot set","will-tosh"
Fri Jul 20 22:24:43 2012,8.25,"Calculate mandelbrot set","will-tosh"
Fri Jul 20 22:26:28 2012,8.32,"Calculate mandelbrot set","will-tosh"
Fri Jul 20 22:33:01 2012,8.23,"Calculate mandelbrot set","will-tosh"
Fri Jul 20 22:40:24 2012,8.48,"Calculate mandelbrot set","will-tosh"
Fri Jul 20 22:58:20 2012,8.32,"Calculate mandelbrot set","will-tosh"
Fri Jul 20 22:58:50 2012,8.46,"Calculate mandelbrot set","will-tosh"
Fri Jul 20 23:00:12 2012,8.33,"Calculate mandelbrot set","will-tosh"
Fri Jul 20 23:02:59 2012,8.21,"Calculate mandelbrot set","will-tosh"
Fri Jul 20 23:04:12 2012,8.32,"Calculate mandelbrot set","will-tosh"
Fri Jul 20 23:04:34 2012,8.22,"Calculate mandelbrot set","will-tosh"
Fri Jul 20 23:05:58 2012,0.00,"Calculate mandelbrot set","will-tosh"
Fri Jul 20 23:06:06 2012,0.00,"Calculate mandelbrot set","will-tosh"
Fri Jul 20 23:06:22 2012,8.32,"Calculate mandelbrot set","will-tosh"
Fri Jul 20 23:07:36 2012,8.15,"Calculate mandelbrot set","will-tosh"
Fri Jul 20 23:09:44 2012,8.21,"Calculate mandelbrot set","will-tosh"
Fri Jul 20 23:10:48 2012,8.34,"Calculate mandelbrot set","will-tosh"
Fri Jul 20 23:13:55 2012,8.16,"Calculate mandelbrot set","will-tosh"
Sun Jul 22 16:32:46 2012,8.47,"Calculate mandelbrot set","will-tosh"
Sat Jul 28 01:35:43 2012,8.61,"Calculate mandelbrot set","will-tosh"
Mon Jul 30 23:17:52 2012,11.20,"Calculate mandelbrot set","will-mint"
Mon Jul 30 23:18:49 2012,11.13,"Calculate mandelbrot set","will-mint"
Mon Jul 30 23:26:49 2012,10.96,"Calculate mandelbrot set","will-mint"
Mon Jul 30 23:27:49 2012,10.92,"Calculate mandelbrot set","will-mint"
Mon Jul 30 23:34:22 2012,11.10,"Calculate mandelbrot set","will-mint"
Mon Jul 30 23:34:36 2012,10.99,"Calculate mandelbrot set","will-mint"
Mon Jul 30 23:38:54 2012,11.14,"Calculate mandelbrot set","will-mint"
Mon Jul 30 23:39:27 2012,11.32,"Calculate mandelbrot set","will-mint"
Mon Jul 30 23:40:09 2012,11.14,"Calculate mandelbrot set","will-mint"
Mon Jul 30 23:41:02 2012,11.29,"Calculate mandelbrot set","will-mint"
Mon Jul 30 23:44:09 2012,11.30,"Calculate mandelbrot set","will-mint"
Mon Jul 30 23:57:29 2012,11.39,"Calculate mandelbrot set","will-mint"
Fri Aug 31 11:06:08 2012,8.82,"Calculate mandelbrot set","will-tosh"
Tue Sep 25 21:13:04 2012,9.58,"Calculate mandelbrot set","will-tosh"
Tue Sep 25 21:15:40 2012,9.48,"Calculate mandelbrot set","will-tosh"
Tue Sep 25 21:23:37 2012,11.26,"Calculate mandelbrot set","will-tosh"
Tue Sep 25 21:24:16 2012,7.90,"Calculate mandelbrot set","will-tosh"
Tue Sep 25 21:25:21 2012,8.15,"Calculate mandelbrot set","will-tosh"
Tue Sep 25 21:25:53 2012,7.95,"Calculate mandelbrot set","will-tosh"
Tue Sep 25 21:28:24 2012,7.95,"Calculate mandelbrot set","will-tosh"
Tue Sep 25 21:29:01 2012,7.91,"Calculate mandelbrot set","will-tosh"
Tue Sep 25 21:30:06 2012,7.89,"Calculate mandelbrot set","will-tosh"
Tue Sep 25 21:37:21 2012,7.86,"Calculate mandelbrot set","will-tosh"
Tue Sep 25 21:38:43 2012,7.90,"Calculate mandelbrot set","will-tosh"
Tue Sep 25 21:41:28 2012,7.96,"Calculate mandelbrot set","will-tosh"
Tue Sep 25 21:46:40 2012,7.89,"Calculate mandelbrot set","will-tosh"
Tue Sep 25 21:48:45 2012,7.85,"Calculate mandelbrot set","will-tosh"
Tue Sep 25 21:55:30 2012,8.00,"Calculate mandelbrot set","will-tosh"
Sun Dec  9 23:52:10 2012,8.03,"Calculate mandelbrot set","will-tosh"
Mon Dec 17 23:30:01 2012,7.83,"Calculate mandelbrot set","will-tosh"
Mon Dec 17 23:31:17 2012,7.81,"Calculate mandelbrot set","will-tosh"
Tue Dec 18 21:08:47 2012,5.91,"Calculate mandelbrot set","will-tosh"
Tue Dec 18 21:11:30 2012,5.79,"Calculate mandelbrot set","will-tosh"
Tue Dec 18 21:13:31 2012,5.75,"Calculate mandelbrot set","will-tosh"
Thu Dec 20 18:15:45 2012,5.81,"Calculate mandelbrot set","will-tosh"
Thu Dec 20 18:29:12 2012,5.73,"Calculate mandelbrot set","will-tosh"
Fri Dec 21 22:18:10 2012,6.75,"Calculate mandelbrot set","will-tosh"
Fri Dec 21 22:18:43 2012,6.05,"Calculate mandelbrot set","will-tosh"
Fri Dec 21 22:19:31 2012,6.00,"Calculate mandelbrot set","will-tosh"
Fri Dec 21 22:20:00 2012,6.78,"Calculate mandelbrot set","will-tosh"
Fri Dec 21 22:20:16 2012,6.12,"Calculate mandelbrot set","will-tosh"
Fri Dec 28 12:17:30 2012,6.11,"Calculate mandelbrot set","will-tosh"
Sat Dec 29 00:52:34 2012,6.21,"Calculate mandelbrot set","will-tosh"
Sat Dec 29 00:52:47 2012,6.09,"Calculate mandelbrot set","will-tosh"
Sat Dec 29 01:00:55 2012,8.53,"Calculate mandelbrot set","will-tosh"
Tue Jan  1 11:38:21 2013,5.73,"Calculate mandelbrot set","will-tosh"
Tue Jan  1 11:40:07 2013,5.70,"Calculate mandelbrot set","will-tosh"
Tue Jan  1 11:41:50 2013,5.57,"Calculate mandelbrot set","will-tosh"
Tue Jan  1 11:47:17 2013,5.69,"Calculate mandelbrot set","will-tosh"
Tue Jan  1 11:49:37 2013,0.01,"Calculate mandelbrot set","will-tosh"
Tue Jan  1 11:49:57 2013,0.01,"Calculate mandelbrot set","will-tosh"
Tue Jan  1 11:50:19 2013,0.01,"Calculate mandelbrot set","will-tosh"
Tue Jan  1 11:51:47 2013,0.01,"Calculate mandelbrot set","will-tosh"
Tue Jan  1 11:53:10 2013,5.80,"Calculate mandelbrot set","will-tosh"
Tue Jan  1 11:54:26 2013,5.65,"Calculate mandelbrot set","will-tosh"
Tue Jan  1 11:54:47 2013,5.67,"Calculate mandelbrot set","will-tosh"
Tue Jan  1 12:24:13 2013,5.75,"Calculate mandelbrot set","will-tosh"
Tue Jan  1 13:27:45 2013,4.92,"Calculate mandelbrot set","will-tosh"
Tue Jan  1 13:35:33 2013,4.97,"Calculate mandelbrot set","will-tosh"
Tue Jan  1 13:36:54 2013,5.00,"Calculate mandelbrot set","will-tosh"
Tue Jan  1 13:37:28 2013,5.46,"Calculate mandelbrot set","will-tosh"
Tue Jan  1 13:37:41 2013,5.46,"Calculate mandelbrot set","will-tosh"
Tue Jan  1 13:37:57 2013,5.06,"Calculate mandelbrot set","will-tosh"
Tue Jan  1 15:46:28 2013,4.95,"Calculate mandelbrot set","will-tosh"
Tue Jan  1 16:33:30 2013,4.89,"Calculate mandelbrot set","will-tosh"
Tue Jan  1 17:11:04 2013,4.97,"Calculate mandelbrot set","will-tosh"
Tue Jan  1 17:11:13 2013,5.00,"Calculate mandelbrot set","will-tosh"
Tue Jan  1 17:57:40 2013,0.02,"Calculate mandelbrot set","will-tosh"
Tue Jan  1 17:59:23 2013,0.01,"Calculate mandelbrot set","will-tosh"
Tue Jan  1 18:01:05 2013,0.01,"Calculate mandelbrot set","will-tosh"
Tue Jan  1 18:06:32 2013,5.14,"Calculate mandelbrot set","will-tosh"
Tue Jan  1 18:06:44 2013,5.21,"Calculate mandelbrot set","will-tosh"
Tue Jan  1 18:06:55 2013,5.11,"Calculate mandelbrot set","will-tosh"
Tue Jan  1 18:09:32 2013,4.87,"Calculate mandelbrot set","will-tosh"
Tue Jan  1 18:10:48 2013,4.84,"Calculate mandelbrot set","will-tosh"
Tue Jan  1 18:28:38 2013,4.86,"Calculate mandelbrot set","will-tosh"
Tue Jan  1 20:06:04 2013,4.98,"Calculate mandelbrot set","will-tosh"
Tue Jan  1 20:06:19 2013,4.88,"Calculate mandelbrot set","will-tosh"
Tue Jan  1 20:26:37 2013,4.80,"Calculate mandelbrot set","will-tosh"
Fri Jan  4 12:35:36 2013,4.87,"Calculate mandelbrot set","will-tosh"
Fri Jan  4 12:36:09 2013,4.86,"Calculate mandelbrot set","will-tosh"
Fri Jan  4 12:48:22 2013,4.98,"Calculate mandelbrot set","will-tosh"
Fri Jan  4 12:49:37 2013,4.82,"Calculate mandelbrot set","will-tosh"
Fri Jan  4 12:49:53 2013,4.93,"Calculate mandelbrot set","will-tosh"
Fri Jan  4 22:13:16 2013,5.00,"Calculate mandelbrot set","will-tosh"
Fri Jan  4 22:42:03 2013,5.00,"Calculate mandelbrot set","will-tosh"
Fri Jan  4 22:42:11 2013,4.94,"Calculate mandelbrot set","will-tosh"
Fri Jan  4 22:42:29 2013,5.14,"Calculate mandelbrot set","will-tosh"
Fri Jan  4 23:36:51 2013,4.95,"Calculate mandelbrot set","will-tosh"
Tue Jan  8 13:00:57 2013,4.70,"Calculate mandelbrot set","will-tosh"
Tue Jan  8 13:03:09 2013,4.78,"Calculate mandelbrot set","will-tosh"
Tue Jan  8 13:14:05 2013,4.77,"Calculate mandelbrot set","will-tosh"
Tue Jan  8 13:26:36 2013,4.69,"Calculate mandelbrot set","will-tosh"
Tue Jan  8 16:06:43 2013,4.79,"Calculate mandelbrot set","will-tosh"
Tue Jan  8 16:06:53 2013,4.75,"Calculate mandelbrot set","will-tosh"
Tue Jan  8 20:49:33 2013,4.77,"Calculate mandelbrot set","will-tosh"
Mon Jan 14 20:49:03 2013,4.80,"Calculate mandelbrot set","will-tosh"
Mon Jan 14 20:49:11 2013,4.81,"Calculate mandelbrot set","will-tosh"
Mon Jan 14 21:08:12 2013,4.79,"Calculate mandelbrot set","will-tosh"
Mon Jan 14 21:59:31 2013,4.91,"Calculate mandelbrot set","will-tosh"
Sun Jan 27 20:11:40 2013,4.79,"Calculate mandelbrot set","will-tosh"
Sat Feb 23 18:25:55 2013,4.90,"Calculate mandelbrot set","will-tosh"
Sat Feb 23 18:53:11 2013,5.55,"Calculate mandelbrot set","will-tosh"
Sat Feb 23 23:13:51 2013,5.52,"Calculate mandelbrot set","will-tosh"
Sat Feb 23 23:17:20 2013,5.22,"Calculate mandelbrot set","will-tosh"
Sat Feb 23 23:21:18 2013,5.33,"Calculate mandelbrot set","will-tosh"
Sat Feb 23 23:24:59 2013,5.15,"Calculate mandelbrot set","will-tosh"
Sat Feb 23 23:25:08 2013,5.13,"Calculate mandelbrot set","will-tosh"
Sat Feb 23 23:25:23 2013,5.18,"Calculate mandelbrot set","will-tosh"
Sat Feb 23 23:45:38 2013,5.13,"Calculate mandelbrot set","will-tosh"
Sat Feb 23 23:46:26 2013,5.17,"Calculate mandelbrot set","will-tosh"
Sat Feb 23 23:56:37 2013,5.19,"Calculate mandelbrot set","will-tosh"
Sun Feb 24 11:18:34 2013,5.00,"Calculate mandelbrot set","will-tosh"
Sun Feb 24 11:19:38 2013,4.80,"Calculate mandelbrot set","will-tosh"
Sun Feb 24 11:21:40 2013,4.74,"Calculate mandelbrot set","will-tosh"
Sun Feb 24 11:25:02 2013,5.66,"Calculate mandelbrot set","will-tosh"
Sun Feb 24 11:25:18 2013,5.70,"Calculate mandelbrot set","will-tosh"
Sun Feb 24 11:26:58 2013,4.81,"Calculate mandelbrot set","will-tosh"
Tue Feb 26 11:20:33 2013,5.05,"Calculate mandelbrot set","will-tosh"
Tue Feb 26 11:20:53 2013,5.43,"Calculate mandelbrot set","will-tosh"
Tue Feb 26 11:21:06 2013,5.36,"Calculate mandelbrot set","will-tosh"
Tue Feb 26 11:23:54 2013,5.03,"Calculate mandelbrot set","will-tosh"
Tue Feb 26 11:24:25 2013,5.08,"Calculate mandelbrot set","will-tosh"
Tue Feb 26 11:25:23 2013,5.02,"Calculate mandelbrot set","will-tosh"
Tue Feb 26 11:25:54 2013,5.07,"Calculate mandelbrot set","will-tosh"
Tue Feb 26 11:27:09 2013,5.00,"Calculate mandelbrot set","will-tosh"
Tue Feb 26 11:28:23 2013,4.91,"Calculate mandelbrot set","will-tosh"
Tue Feb 26 11:28:56 2013,4.88,"Calculate mandelbrot set","will-tosh"
Tue Feb 26 11:29:43 2013,4.95,"Calculate mandelbrot set","will-tosh"
Tue Feb 26 11:30:02 2013,4.98,"Calculate mandelbrot set","will-tosh"
Tue Feb 26 11:33:11 2013,5.07,"Calculate mandelbrot set","will-tosh"
Tue Feb 26 11:33:50 2013,4.93,"Calculate mandelbrot set","will-tosh"
Tue Feb 26 11:34:20 2013,4.93,"Calculate mandelbrot set","will-tosh"
Tue Feb 26 11:34:35 2013,4.95,"Calculate mandelbrot set","will-tosh"
Tue Feb 26 11:39:43 2013,5.05,"Calculate mandelbrot set","will-tosh"
Tue Feb 26 12:22:30 2013,4.97,"Calculate mandelbrot set","will-tosh"
Tue Feb 26 12:25:25 2013,5.04,"Calculate mandelbrot set","will-tosh"
Tue Feb 26 12:25:55 2013,4.92,"Calculate mandelbrot set","will-tosh"
Tue Feb 26 12:27:15 2013,4.98,"Calculate mandelbrot set","will-tosh"
Tue Feb 26 21:00:02 2013,5.18,"Calculate mandelbrot set","will-tosh"
Tue Feb 26 21:00:17 2013,4.91,"Calculate mandelbrot set","will-tosh"
Tue Feb 26 21:04:12 2013,5.10,"Calculate mandelbrot set","will-tosh"
Tue Feb 26 21:04:19 2013,4.94,"Calculate mandelbrot set","will-tosh"
Tue Feb 26 21:09:10 2013,4.79,"Calculate mandelbrot set","will-tosh"
Tue Feb 26 21:09:17 2013,4.79,"Calculate mandelbrot set","will-tosh"
Tue Feb 26 21:11:18 2013,4.73,"Calculate mandelbrot set","will-tosh"
Tue Feb 26 21:11:26 2013,4.72,"Calculate mandelbrot set","will-tosh"
Tue Feb 26 21:13:31 2013,4.97,"Calculate mandelbrot set","will-tosh"
Tue Feb 26 21:13:44 2013,5.02,"Calculate mandelbrot set","will-tosh"
Tue Feb 26 21:13:52 2013,4.91,"Calculate mandelbrot set","will-tosh"
Tue Feb 26 21:14:18 2013,4.91,"Calculate mandelbrot set","will-tosh"
Tue Feb 26 21:14:51 2013,4.65,"Calculate mandelbrot set","will-tosh"
Tue Feb 26 21:16:51 2013,4.89,"Calculate mandelbrot set","will-tosh"
Tue Feb 26 21:17:03 2013,4.84,"Calculate mandelbrot set","will-tosh"
Tue Feb 26 21:17:41 2013,4.69,"Calculate mandelbrot set","will-tosh"
Tue Feb 26 21:18:12 2013,4.61,"Calculate mandelbrot set","will-tosh"
Tue Feb 26 21:18:18 2013,4.53,"Calculate mandelbrot set","will-tosh"
Tue Feb 26 21:22:22 2013,4.53,"Calculate mandelbrot set","will-tosh"
Tue Feb 26 21:22:49 2013,4.48,"Calculate mandelbrot set","will-tosh"
Tue Feb 26 21:23:39 2013,4.57,"Calculate mandelbrot set","will-tosh"
Tue Feb 26 21:24:45 2013,4.55,"Calculate mandelbrot set","will-tosh"
Tue Feb 26 21:29:57 2013,4.57,"Calculate mandelbrot set","will-tosh"
Tue Feb 26 21:32:28 2013,4.20,"Calculate mandelbrot set","will-tosh"
Tue Feb 26 21:32:34 2013,4.17,"Calculate mandelbrot set","will-tosh"
Tue Feb 26 21:34:35 2013,4.16,"Calculate mandelbrot set","will-tosh"
Sat Mar  2 23:36:15 2013,4.25,"Calculate mandelbrot set","will-tosh"
Wed Mar  6 23:05:01 2013,4.26,"Calculate mandelbrot set","will-tosh"
Wed Mar  6 23:05:49 2013,4.33,"Calculate mandelbrot set","will-tosh"
Wed Mar  6 23:06:10 2013,4.29,"Calculate mandelbrot set","will-tosh"
Wed Mar  6 23:06:50 2013,4.22,"Calculate mandelbrot set","will-tosh"
Wed Mar  6 23:09:33 2013,4.33,"Calculate mandelbrot set","will-tosh"
Thu Mar 14 23:29:56 2013,4.30,"Calculate mandelbrot set","will-tosh"
Mon Apr  8 22:28:54 2013,4.19,"Calculate mandelbrot set","will-tosh"
Sat May  4 13:55:40 2013,2.46,"Calculate mandelbrot set","will-mesh"
Sat May 11 18:11:15 2013,2.54,"Calculate mandelbrot set","will-mesh"
Sat May 11 21:35:09 2013,4.12,"Calculate mandelbrot set","will-tosh"
Sat May 11 22:16:54 2013,4.11,"Calculate mandelbrot set","will-tosh"
Sun May 12 00:02:05 2013,2.46,"Calculate mandelbrot set","will-mesh"
Sun May 12 00:02:20 2013,2.51,"Calculate mandelbrot set","will-mesh"
Sun May 12 00:02:31 2013,2.44,"Calculate mandelbrot set","will-mesh"
Sat Jul  6 18:25:12 2013,2.43,"Calculate mandelbrot set","will-mesh"
Sat Jul  6 18:31:59 2013,2.48,"Calculate mandelbrot set","will-mesh"
Sat Jul  6 18:32:11 2013,2.51,"Calculate mandelbrot set","will-mesh"
Sat Jul 13 23:47:34 2013,2.40,"Calculate mandelbrot set","will-mesh"
Tue Jul 16 18:09:35 2013,2.56,"Calculate mandelbrot set","will-mesh"
Sat Aug 10 14:01:53 2013,2.43,"Calculate mandelbrot set","will-mesh"
Wed Aug 28 22:39:02 2013,2.46,"Calculate mandelbrot set","will-mesh"
Mon Sep 16 17:32:24 2013,2.50,"Calculate mandelbrot set","will-mesh"
Mon Sep 16 17:32:36 2013,2.46,"Calculate mandelbrot set","will-mesh"
Wed Oct 16 12:10:23 2013,2.48,"Calculate mandelbrot set","will-mesh"
Mon Oct 21 23:41:46 2013,2.54,"Calculate mandelbrot set","will-mesh"
Mon Jan 13 23:58:23 2014,2.68,"Calculate mandelbrot set","will-mesh"
Tue Jan 14 00:00:26 2014,2.72,"Calculate mandelbrot set","will-mesh"
Tue Jan 14 00:00:32 2014,2.68,"Calculate mandelbrot set","will-mesh"
Tue Jan 14 00:01:08 2014,2.63,"Calculate mandelbrot set","will-mesh"
Thu Apr  3 10:09:44 2014,2.65,"Calculate mandelbrot set","will-mesh"
Thu Apr 17 21:27:41 2014,2.63,"Calculate mandelbrot set","will-mesh"
Thu Apr 17 21:28:01 2014,2.64,"Calculate mandelbrot set","will-mesh"
Sat May 24 13:47:10 2014,2.77,"Calculate mandelbrot set","will-mesh"
Sat May 24 14:08:48 2014,2.80,"Calculate mandelbrot set","will-mesh"
Sat May 24 14:21:47 2014,2.80,"Calculate mandelbrot set","will-mesh"
Sat May 24 15:10:01 2014,3.54,"Calculate mandelbrot set","will-mesh"
Sat May 24 15:10:19 2014,3.55,"Calculate mandelbrot set","will-mesh"
Sat May 24 15:29:32 2014,2.76,"Calculate mandelbrot set","will-mesh"
Sat May 24 15:29:41 2014,3.40,"Calculate mandelbrot set","will-mesh"
Sat Jul 19 17:45:34 2014,2.90,"Calculate mandelbrot set","will-mesh"
Sun Jul 27 12:00:23 2014,2.94,"Calculate mandelbrot set","will-mesh"
Sun Jul 27 12:00:29 2014,2.88,"Calculate mandelbrot set","will-mesh"
Sat Aug 16 23:08:36 2014,2.80,"Calculate mandelbrot set","will-mesh"
Tue Sep  2 11:18:15 2014,2.77,"Calculate mandelbrot set","will-mesh"
Tue Sep  2 11:18:38 2014,2.83,"Calculate mandelbrot set","will-mesh"
Tue Sep  2 11:36:39 2014,2.73,"Calculate mandelbrot set","will-mesh"
Tue Sep  2 11:36:58 2014,2.73,"Calculate mandelbrot set","will-mesh"
Thu Sep  4 10:58:45 2014,2.72,"Calculate mandelbrot set","will-mesh"
Thu Sep  4 10:59:03 2014,2.67,"Calculate mandelbrot set","will-mesh"
Thu Sep  4 11:04:28 2014,2.69,"Calculate mandelbrot set","will-mesh"
Thu Sep  4 11:09:42 2014,2.58,"Calculate mandelbrot set","will-mesh"
Thu Sep  4 11:12:32 2014,2.62,"Calculate mandelbrot set","will-mesh"
Thu Sep  4 11:13:40 2014,2.75,"Calculate mandelbrot set","will-mesh"
Thu Sep  4 11:16:06 2014,2.57,"Calculate mandelbrot set","will-mesh"
Thu Sep 11 10:52:56 2014,2.68,"Calculate mandelbrot set","will-mesh"
Thu Oct 16 01:19:36 2014,2.69,"Calculate mandelbrot set","will-mesh"
Mon Nov  3 17:38:54 2014,4.93,"Calculate mandelbrot set","will-mesh"
Mon Nov  3 17:39:20 2014,2.60,"Calculate mandelbrot set","will-mesh"
Mon Nov  3 17:39:35 2014,2.62,"Calculate mandelbrot set","will-mesh"
Sat Nov 15 16:56:23 2014,2.61,"Calculate mandelbrot set","will-mesh"
Sat Nov 15 16:56:27 2014,2.57,"Calculate mandelbrot set","will-mesh"
Sat Nov 15 16:57:09 2014,2.56,"Calculate mandelbrot set","will-mesh"
Sat Nov 15 16:57:13 2014,2.54,"Calculate mandelbrot set","will-mesh"
Sat Nov 15 18:42:12 2014,2.61,"Calculate mandelbrot set","will-mesh"
Sat Nov 15 18:42:18 2014,2.64,"Calculate mandelbrot set","will-mesh"
Sat Nov 15 18:42:23 2014,2.62,"Calculate mandelbrot set","will-mesh"
Sat Nov 15 18:43:22 2014,2.61,"Calculate mandelbrot set","will-mesh"
Sat Nov 15 18:45:36 2014,2.62,"Calculate mandelbrot set","will-mesh"
Sat Nov 15 18:50:48 2014,2.58,"Calculate mandelbrot set","will-mesh"
Sat Nov 15 18:50:53 2014,2.54,"Calculate mandelbrot set","will-mesh"
Sat Nov 15 18:50:57 2014,2.60,"Calculate mandelbrot set","will-mesh"
Sat Nov 15 18:51:40 2014,2.55,"Calculate mandelbrot set","will-mesh"
Sat Nov 15 18:51:43 2014,2.62,"Calculate mandelbrot set","will-mesh"
Sat Nov 15 18:53:04 2014,2.58,"Calculate mandelbrot set","will-mesh"
Sat Nov 15 18:53:08 2014,2.54,"Calculate mandelbrot set","will-mesh"
Sat Nov 15 20:17:44 2014,2.78,"Calculate mandelbrot set","will-mesh"
Sat Nov 15 20:17:50 2014,2.71,"Calculate mandelbrot set","will-mesh"
Sat Nov 15 20:22:15 2014,2.45,"Calculate mandelbrot set","will-mesh"
Sat Nov 15 20:22:22 2014,2.44,"Calculate mandelbrot set","will-mesh"
Sat Nov 15 20:26:57 2014,2.46,"Calculate mandelbrot set","will-mesh"
Sat Nov 15 20:29:19 2014,2.46,"Calculate mandelbrot set","will-mesh"
Sat Nov 15 20:31:34 2014,2.59,"Calculate mandelbrot set","will-mesh"
Sat Nov 15 20:31:38 2014,2.57,"Calculate mandelbrot set","will-mesh"
Sat Nov 15 20:31:56 2014,2.44,"Calculate mandelbrot set","will-mesh"
Sat Nov 15 20:31:59 2014,2.47,"Calculate mandelbrot set","will-mesh"
Sat Nov 15 20:58:26 2014,2.17,"Calculate mandelbrot set","will-mesh"
Sat Nov 15 20:58:30 2014,2.18,"Calculate mandelbrot set","will-mesh"
Sat Nov 15 20:59:58 2014,2.44,"Calculate mandelbrot set","will-mesh"
Sat Nov 15 21:00:20 2014,2.47,"Calculate mandelbrot set","will-mesh"
Sat Nov 15 21:01:26 2014,2.17,"Calculate mandelbrot set","will-mesh"
Sat Nov 15 21:03:57 2014,2.42,"Calculate mandelbrot set","will-mesh"
Sat Nov 15 21:04:44 2014,2.29,"Calculate mandelbrot set","will-mesh"
Sat Nov 15 21:04:49 2014,2.28,"Calculate mandelbrot set","will-mesh"
Sat Nov 15 21:07:23 2014,2.30,"Calculate mandelbrot set","will-mesh"
Sat Nov 15 21:07:27 2014,2.37,"Calculate mandelbrot set","will-mesh"
Sat Nov 15 21:08:18 2014,2.33,"Calculate mandelbrot set","will-mesh"
Sat Nov 15 21:08:23 2014,2.40,"Calculate mandelbrot set","will-mesh"
Sat Nov 15 21:09:14 2014,2.96,"Calculate mandelbrot set","will-mesh"
Sat Nov 15 21:09:19 2014,2.91,"Calculate mandelbrot set","will-mesh"
Sat Nov 15 21:09:50 2014,2.39,"Calculate mandelbrot set","will-mesh"
Sat Nov 15 21:11:41 2014,2.30,"Calculate mandelbrot set","will-mesh"
Sat Nov 15 21:11:47 2014,2.27,"Calculate mandelbrot set","will-mesh"
Sat Nov 15 21:13:01 2014,2.32,"Calculate mandelbrot set","will-mesh"
Sat Nov 15 21:15:42 2014,2.18,"Calculate mandelbrot set","will-mesh"
Sat Nov 15 21:16:23 2014,2.16,"Calculate mandelbrot set","will-mesh"
Sat Nov 15 21:16:27 2014,2.15,"Calculate mandelbrot set","will-mesh"
Sat Nov 15 21:17:30 2014,2.17,"Calculate mandelbrot set","will-mesh"
Sat Nov 15 21:19:49 2014,2.17,"Calculate mandelbrot set","will-mesh"
Sat Nov 15 21:26:16 2014,2.14,"Calculate mandelbrot set","will-mesh"
Sat Nov 15 21:26:26 2014,2.17,"Calculate mandelbrot set","will-mesh"
Sat Nov 15 21:27:54 2014,2.18,"Calculate mandelbrot set","will-mesh"
Sat Nov 15 21:28:00 2014,2.24,"Calculate mandelbrot set","will-mesh"
Sat Nov 15 21:28:35 2014,2.22,"Calculate mandelbrot set","will-mesh"
Sat Nov 22 14:15:47 2014,2.14,"Calculate mandelbrot set","will-mesh"
Sat Nov 22 16:43:16 2014,2.15,"Calculate mandelbrot set","will-mesh"
Sat Nov 22 16:43:53 2014,2.10,"Calculate mandelbrot set","will-mesh"
Sat Nov 22 16:43:57 2014,2.17,"Calculate mandelbrot set","will-mesh"
Sat Nov 22 16:44:02 2014,2.13,"Calculate mandelbrot set","will-mesh"
Tue Nov 25 18:22:59 2014,2.10,"Calculate mandelbrot set","will-mesh"
Tue Nov 25 18:23:25 2014,2.14,"Calculate mandelbrot set","will-mesh"
Tue Nov 25 18:23:28 2014,2.11,"Calculate mandelbrot set","will-mesh"
Tue Nov 25 18:24:24 2014,2.19,"Calculate mandelbrot set","will-mesh"
Tue Nov 25 18:24:28 2014,2.13,"Calculate mandelbrot set","will-mesh"
Tue Nov 25 18:25:18 2014,2.17,"Calculate mandelbrot set","will-mesh"
Thu Dec  4 10:19:29 2014,2.11,"Calculate mandelbrot set","will-mesh"
Thu Dec  4 10:19:32 2014,2.15,"Calculate mandelbrot set","will-mesh"
Thu Dec  4 10:20:49 2014,2.07,"Calculate mandelbrot set","will-mesh"
Thu Dec  4 10:20:52 2014,2.09,"Calculate mandelbrot set","will-mesh"
Thu Dec  4 10:22:11 2014,2.11,"Calculate mandelbrot set","will-mesh"
Thu Dec  4 10:22:15 2014,2.10,"Calculate mandelbrot set","will-mesh"
Thu Dec  4 10:22:19 2014,2.13,"Calculate mandelbrot set","will-mesh"
Thu Dec  4 10:22:32 2014,3.63,"Calculate mandelbrot set","will-mesh"
Thu Dec  4 10:22:49 2014,2.13,"Calculate mandelbrot set","will-mesh"
Thu Dec  4 10:22:52 2014,2.16,"Calculate mandelbrot set","will-mesh"
Thu Dec  4 10:23:33 2014,2.28,"Calculate mandelbrot set","will-mesh"
Thu Dec  4 10:23:58 2014,2.07,"Calculate mandelbrot set","will-mesh"
Thu Dec  4 10:24:03 2014,2.12,"Calculate mandelbrot set","will-mesh"
Thu Dec  4 10:24:21 2014,2.10,"Calculate mandelbrot set","will-mesh"
Thu Dec  4 10:24:25 2014,2.14,"Calculate mandelbrot set","will-mesh"
Wed Dec 10 00:24:48 2014,2.08,"Calculate mandelbrot set","will-mesh"
Wed Dec 10 00:24:52 2014,2.09,"Calculate mandelbrot set","will-mesh"
Tue Mar  3 15:13:35 2015,2.07,"Calculate mandelbrot set","will-mesh"
Tue Mar  3 15:13:50 2015,2.05,"Calculate mandelbrot set","will-mesh"
Tue Mar  3 15:14:00 2015,2.19,"Calculate mandelbrot set","will-mesh"
Tue Mar  3 15:20:02 2015,2.10,"Calculate mandelbrot set","will-mesh"
Tue Mar  3 15:22:25 2015,2.05,"Calculate mandelbrot set","will-mesh"
Tue Mar  3 15:22:37 2015,2.11,"Calculate mandelbrot set","will-mesh"
Tue Mar  3 15:22:41 2015,2.04,"Calculate mandelbrot set","will-mesh"
Tue Mar  3 15:47:55 2015,2.18,"Calculate mandelbrot set","will-mesh"
Tue Mar  3 15:48:42 2015,2.10,"Calculate mandelbrot set","will-mesh"
Tue Mar  3 15:48:46 2015,2.14,"Calculate mandelbrot set","will-mesh"
Tue Mar  3 15:49:02 2015,2.25,"Calculate mandelbrot set","will-mesh"
